{
    "timestamp": "20250521_140529",
    "metrics": {
        "MAE": 855.6131100839254,
        "95th_percentile_error": 1443.9378251015282
    },
    "target_points": [
        [
            1442,
            924
        ],
        [
            525,
            620
        ],
        [
            995,
            892
        ],
        [
            565,
            832
        ],
        [
            1802,
            596
        ]
    ],
    "gaze_points": [
        [
            230.62,
            915.44
        ],
        [
            301.30434782608694,
            1133.2173913043478
        ],
        [
            449.0574712643678,
            1305.2298850574712
        ],
        [
            356.63157894736844,
            1074.9122807017543
        ],
        [
            313.34615384615387,
            796.3076923076923
        ]
    ],
    "errors": [
        1211.4102434765855,
        559.8498330255643,
        684.6986071162022,
        320.03714629351174,
        1502.069720507764
    ],
    "raw_data": {
        "target_points": [
            [
                1442,
                924
            ],
            [
                525,
                620
            ],
            [
                995,
                892
            ],
            [
                565,
                832
            ],
            [
                1802,
                596
            ]
        ],
        "gaze_points": [
            [
                230.62,
                915.44
            ],
            [
                301.30434782608694,
                1133.2173913043478
            ],
            [
                449.0574712643678,
                1305.2298850574712
            ],
            [
                356.63157894736844,
                1074.9122807017543
            ],
            [
                313.34615384615387,
                796.3076923076923
            ]
        ],
        "errors": [
            1211.4102434765855,
            559.8498330255643,
            684.6986071162022,
            320.03714629351174,
            1502.069720507764
        ]
    }
}