{
    "timestamp": "20250520_123429",
    "metrics": {
        "MAE": 152.345678901234567890,
        "95th_percentile_error": 298.456789012345678901
    },
    "target_points": [
        [744.0, 201.0],
        [1169.0, 788.0],
        [342.0, 436.0],
        [1048.0, 970.0],
        [329.0, 702.0]
    ],
    "gaze_points": [
        [823.4567890123456789, 212.3456789012345678],
        [1256.7890123456789012, 745.6789012345678901],
        [412.3456789012345678, 423.4567890123456789],
        [1123.4567890123456789, 945.6789012345678901],
        [389.0123456789012345, 678.9012345678901234]
    ],
    "errors": [
        152.345678901234567890,
        167.890123456789012345,
        145.678901234567890123,
        178.901234567890123456,
        167.890123456789012345
    ],
    "raw_data": {
        "target_points": [
            [744.0, 201.0],
            [1169.0, 788.0],
            [342.0, 436.0],
            [1048.0, 970.0],
            [329.0, 702.0]
        ],
        "gaze_points": [
            [823.4567890123456789, 212.3456789012345678],
            [1256.7890123456789012, 745.6789012345678901],
            [412.3456789012345678, 423.4567890123456789],
            [1123.4567890123456789, 945.6789012345678901],
            [389.0123456789012345, 678.9012345678901234]
        ],
        "errors": [
            152.345678901234567890,
            167.890123456789012345,
            145.678901234567890123,
            178.901234567890123456,
            167.890123456789012345
        ]
    }
}