{
    "timestamp": "20250516_165033",
    "metrics": {
        "MAE": 247.30939787832222,
        "95th_percentile_error": 415.8760999815131
    },
    "target_points": [
        [
            272,
            741
        ],
        [
            1036,
            494
        ],
        [
            1296,
            491
        ],
        [
            1068,
            894
        ],
        [
            1538,
            823
        ]
    ],
    "gaze_points": [
        [
            265.8,
            944.8827586206896
        ],
        [
            967.2733333333333,
            742.8066666666666
        ],
        [
            1411.03738317757,
            931.5420560747664
        ],
        [
            1174.8954248366013,
            882.6928104575163
        ],
        [
            1611.8761061946902,
            1021.3274336283185
        ]
    ],
    "errors": [
        203.97700670120244,
        258.1242183308046,
        455.3140703941903,
        107.49178752977885,
        211.6399064356348
    ],
    "raw_data": {
        "target_points": [
            [
                272,
                741
            ],
            [
                1036,
                494
            ],
            [
                1296,
                491
            ],
            [
                1068,
                894
            ],
            [
                1538,
                823
            ]
        ],
        "gaze_points": [
            [
                265.8,
                944.8827586206896
            ],
            [
                967.2733333333333,
                742.8066666666666
            ],
            [
                1411.03738317757,
                931.5420560747664
            ],
            [
                1174.8954248366013,
                882.6928104575163
            ],
            [
                1611.8761061946902,
                1021.3274336283185
            ]
        ],
        "errors": [
            203.97700670120244,
            258.1242183308046,
            455.3140703941903,
            107.49178752977885,
            211.6399064356348
        ]
    }
}